{
    "EMBED_LOGS_TITLE":"LOGS BOT - ANONYMOUS",
    "EMBED_FOOTER_TEXT":"NAME OF YOUR SERVER • ©",
    "Fr":{
        "COMMANDE_DETAIL":"Envoi un message en anonyme via le bot !",
        "OPTION_DETAIL":"Écrit ici le message que tu veux envoyer en anonyme",
        "OPTION_NAME":"texte",
        "COMMANDE_DESCRIPTION":"Encodage en cours...",
        "EMBED_LOGS_DESCRIPTION_1":"La commande **/ano** vient d'être utiliser par : ", 
        "EMBED_LOGS_DESCRIPTION_2":"\nVoici son message : ",
        "EMBED_ERROR_TITLE":"ATTENTION",
        "EMBED_ERROR_DESCRIPTION":"Vous n'êtes **pas dans le bon channel** pour utiliser cette commande !\n\nRendez-vous **ici** : **<#1069925332884402288>**\n",
        "EMBED_MESSAGE_TITLE" : "Nouveau message de **Ano**",
        "EMBED_MESSAGE_FOOTER" : "Encodé en UI-SCOPE 27",
        "CREDIT_1" : "|           Crée par Kylian_15#1798           |",
        "CREDIT_2" : "|  DM SUR DISCORD SI VOUS AVEZ BESOIN D'AIDE  |"
        
    },
    "En":{
        "COMMANDE_DETAIL":"Send a message anonymously via the bot!",
        "OPTION_DETAIL":"Write here the message you want to send anonymously",
        "OPTION_NAME": "text",
        "COMMANDE_DESCRIPTION":"Encoding in progress...",
        "EMBED_LOGS_DESCRIPTION_1":"The **/ano** command has just been used by: ", 
        "EMBED_LOGS_DESCRIPTION_2":"\nHere is his message: ",
        "EMBED_ERROR_TITLE":"ATTENTION",
        "EMBED_ERROR_DESCRIPTION":"You are **in the wrong channel** to use this command!\n\nSee you **here**: **<#1069925332884402288>**\n",
        "EMBED_MESSAGE_TITLE" : "New message from **Ano**",
        "EMBED_MESSAGE_FOOTER" : "Encoded in UI-SCOPE 27",
        "CREDIT_1" : "|           Create By Kylian_15#1798          |",
        "CREDIT_2" : "|         DM ON DISCORD FOR ANY HELP !        |"
    }
}